{
    "group_id": 900,
    "target_id": 0,
    "epochs": 2048,
    "batch_size": 10000,
    "lr": 0.001,
    "dropout": 0.0,
    "K_min": 0,
    "K_max": 50,
    "train_walkers": 0,
    "val_walkers": 512,
    "weights": "",
    "gpu_ids": [
        3,
        6
    ],
    "hd1": 1536,
    "hd2": 512,
    "nrd": 2,
    "model_name": "p900-t000",
    "model_mode": "MLP2RB",
    "model_id": 1776528010,
    "num_parameters": 23966209,
    "training_mode": "value",
    "parallel_mode": "data_parallel",
    "final_train_loss": 14.345504517648735,
    "final_val_loss": 14.246165319400674,
    "final_weights_file": "weights/p900-t000_1776528010_e02048.pth",
    "best_val_loss": 14.200029271490434,
    "best_epoch": 2035,
    "best_weights_file": "weights/p900-t000_1776528010_best.pth",
    "train_walkers_num": 20000,
    "val_walkers_num": 512
}