{
    "group_id": 900,
    "target_id": 0,
    "epochs": 1024,
    "batch_size": 20000,
    "lr": 2e-05,
    "dropout": 0.0,
    "K_min": 0,
    "K_max": 65,
    "train_walkers": 0,
    "val_walkers": 512,
    "weights": "p900-t000_1776528010_best",
    "gpu_ids": [
        3,
        6
    ],
    "hd1": 1536,
    "hd2": 512,
    "nrd": 2,
    "model_name": "p900-t000",
    "model_mode": "MLP2RB",
    "model_id": 1776548012,
    "num_parameters": 23966209,
    "training_mode": "value",
    "parallel_mode": "data_parallel",
    "final_train_loss": 30.494881225940844,
    "final_val_loss": 30.336898749524895,
    "final_weights_file": "weights/p900-t000_1776548012_e01024.pth",
    "best_val_loss": 30.327405028270952,
    "best_epoch": 970,
    "best_weights_file": "weights/p900-t000_1776548012_best.pth",
    "train_walkers_num": 15384,
    "val_walkers_num": 512
}